"theta1","theta2"
0,1
0.025,0.975
0.05,0.95
0.075,0.925
0.1,0.9
0.125,0.875
0.15,0.85
0.175,0.825
0.2,0.8
0.225,0.775
0.25,0.75
0.275,0.725
0.3,0.7
0.325,0.675
0.35,0.65
0.375,0.625
0.4,0.6
0.425,0.575
0.45,0.55
0.475,0.525
0.5,0.5
0.525,0.475
0.55,0.45
0.575,0.425
0.6,0.4
0.625,0.375
0.65,0.35
0.675,0.325
0.7,0.3
0.725,0.275
0.75,0.25
0.775,0.225
0.8,0.2
0.825,0.175
0.85,0.15
0.875,0.125
0.9,0.1
0.925,0.075
0.95,0.0499999999999999
0.975,0.0249999999999999
1,0
